importateur,fournisseur,code_sh,pays_origine,date,valeur,poids,prix_kg
SOCIETE NOUR DISTRIBUTION,SHENZHEN BRIGHT TRADING CO. LTD,610910,CN,2024-01-02,221664.17,12631.6,17.5484
COMPTOIR DU SUD SA,ANADOLU IHRACAT A.S.,151090,TR,2024-01-03,78792.57,19184.7,4.1071
SOUSSE IMPORT SARL,FR SUPPLIER 01,300490,FR,2024-01-03,926090.39,17085.7,54.2027
MEDINA IMPORT SARL,TR SUPPLIER 02,610910,TR,2024-01-04,308369.69,17983.9,17.147
TABARKA IMPORT SARL,EG SUPPLIER 02,640399,EG,2024-01-08,97613.89,4283.5,22.7883
KAIROUAN IMPORT SARL,EG SUPPLIER 01,610910,EG,2024-01-09,208988.46,12431.4,16.8113
ATLAS IMPORT SARL,DERIVE SUPPLIER 1,847130,CN,2024-01-10,1883012.67,11313.7,166.4365
STE ESSALEM IMPORT SARL,IBERIA SUMINISTROS SL,870322,ES,2024-01-15,157136.94,16986.3,9.2508
SAHEL IMPORT SARL,DERIVE SUPPLIER 3,640399,CN,2024-01-16,299844.39,12943.2,23.1662
JASMIN IMPORT SARL,FR SUPPLIER 02,090111,FR,2024-01-17,28283.34,9383.4,3.0142
MAHDIA IMPORT SARL,FR SUPPLIER 01,640399,FR,2024-01-17,221149.77,9275.6,23.8421
COMPTOIR DU SUD SA,ANADOLU IHRACAT A.S.,151090,TR,2024-01-18,8421.63,2024.9,4.159
KEF IMPORT SARL,IT SUPPLIER 02,721049,IT,2024-01-18,11279.29,10114.1,1.1152
STE ESSALEM IMPORT SARL,LOMBARDIA FORNITURE SRL,870322,IT,2024-01-20,8381.22,855.6,9.7957
MEDINA IMPORT SARL,CN SUPPLIER 02,610910,CN,2024-01-20,254184.55,15028.8,16.9132
MEDITEX TRADING SARL,ANADOLU IHRACAT A.S.,851713,TR,2024-01-21,2914936.43,19082.7,152.7528
OASIS IMPORT SARL,CN SUPPLIER 03,721049,CN,2024-01-21,11269.94,11028.7,1.0219
HAMMAMET IMPORT SARL,ES SUPPLIER 03,090111,ES,2024-01-21,59261.32,19692.6,3.0093
NABEUL IMPORT SARL,IT SUPPLIER 03,300490,IT,2024-01-25,660731.52,11948.4,55.2987
CARTHAGE IMPORT SARL,DERIVE SUPPLIER 2,300490,CN,2024-01-26,422402.74,6667.0,63.3572
STE ESSALEM IMPORT SARL,IBERIA SUMINISTROS SL,940360,ES,2024-01-27,46404.32,11595.2,4.002
SILIANA IMPORT SARL,ES SUPPLIER 01,090111,ES,2024-02-02,1878.94,549.3,3.4206
ZAGHOUAN IMPORT SARL,ES SUPPLIER 01,940360,ES,2024-02-03,58000.82,16451.5,3.5256
NABEUL IMPORT SARL,DE SUPPLIER 01,300490,DE,2024-02-07,920366.34,17022.6,54.0673
JASMIN IMPORT SARL,FR SUPPLIER 02,090111,FR,2024-02-09,55205.28,16076.7,3.4339
KAIROUAN IMPORT SARL,GLOBAL SOURCING FZE,610910,AE,2024-02-13,114678.76,10925.1,10.4968
SILIANA IMPORT SARL,ES SUPPLIER 01,090111,ES,2024-02-13,55951.91,18720.4,2.9888
NABEUL IMPORT SARL,ES SUPPLIER 03,300490,ES,2024-02-14,119944.04,1817.9,65.9794
DJERBA IMPORT SARL,IT SUPPLIER 01,300490,IT,2024-02-15,638594.48,11199.3,57.0209
EL BAHIA NEGOCE SARL,LOMBARDIA FORNITURE SRL,940360,IT,2024-02-17,70919.6,19119.7,3.7092
BEJA IMPORT SARL,FR SUPPLIER 03,392690,FR,2024-02-20,73149.49,19597.2,3.7327
TABARKA IMPORT SARL,EG SUPPLIER 02,940360,EG,2024-02-21,29718.53,8410.1,3.5337
HAMMAMET IMPORT SARL,ES SUPPLIER 01,090111,ES,2024-02-23,24138.04,7286.5,3.3127
COMPTOIR DU SUD SA,IBERIA SUMINISTROS SL,610910,ES,2024-02-26,296940.46,16661.8,17.8216
MAHDIA IMPORT SARL,EG SUPPLIER 02,640399,EG,2024-03-02,390621.92,16032.5,24.3644
MAHDIA IMPORT SARL,FR SUPPLIER 01,640399,FR,2024-03-02,415349.0,18397.0,22.577
EL BAHIA NEGOCE SARL,SHENZHEN BRIGHT TRADING CO. LTD,870322,CN,2024-03-05,67082.96,7486.3,8.9608
GAFSA IMPORT SARL,IT SUPPLIER 01,940360,IT,2024-03-05,23692.79,6275.8,3.7753
KAIROUAN IMPORT SARL,GLOBAL SOURCING FZE,610910,AE,2024-03-06,205824.89,17735.1,11.6055
KAIROUAN IMPORT SARL,GLOBAL SOURCING FZE,610910,AE,2024-03-07,35810.5,3533.2,10.1354
ZAGHOUAN IMPORT SARL,ES SUPPLIER 01,940360,ES,2024-03-07,35761.05,9884.5,3.6179
NABEUL IMPORT SARL,IT SUPPLIER 03,852872,IT,2024-03-08,413076.63,17982.6,22.9709
EL BAHIA NEGOCE SARL,SHENZHEN BRIGHT TRADING CO. LTD,852872,CN,2024-03-09,408873.24,16206.7,25.2287
BIZERTE IMPORT SARL,IN SUPPLIER 03,392690,IN,2024-03-09,43346.07,13696.7,3.1647
TOZEUR IMPORT SARL,IN SUPPLIER 02,940360,IN,2024-03-12,17321.36,4187.1,4.1368
ATLAS IMPORT SARL,DERIVE SUPPLIER 1,847130,CN,2024-03-13,2066718.24,11572.9,178.5826
SFAX IMPORT SARL,ES SUPPLIER 02,090111,ES,2024-03-15,59144.45,16946.4,3.4901
MAHDIA IMPORT SARL,DE SUPPLIER 01,640399,DE,2024-03-16,204821.49,7457.9,27.4637
NABEUL IMPORT SARL,IT SUPPLIER 03,300490,IT,2024-03-17,16264.35,299.3,54.3413
EL BAHIA NEGOCE SARL,SHENZHEN BRIGHT TRADING CO. LTD,610910,CN,2024-03-21,146685.13,7747.7,18.9327
CARTHAGE IMPORT SARL,DERIVE SUPPLIER 2,300490,CN,2024-03-21,512483.74,9251.3,55.3959
SOUSSE IMPORT SARL,FR SUPPLIER 03,300490,FR,2024-03-22,410413.77,7554.1,54.3299
TABARKA IMPORT SARL,IN SUPPLIER 01,940360,IN,2024-03-24,81598.79,19977.5,4.0845
KELIBIA IMPORT SARL,IN SUPPLIER 02,300490,IN,2024-03-24,262861.68,4633.5,56.7307
SAHEL IMPORT SARL,DERIVE SUPPLIER 3,640399,CN,2024-03-25,372512.35,16217.2,22.9702
TOZEUR IMPORT SARL,TR SUPPLIER 01,090111,TR,2024-03-25,50447.97,14547.5,3.4678
BEJA IMPORT SARL,IT SUPPLIER 01,392690,IT,2024-03-27,39106.37,10488.9,3.7284
GAFSA IMPORT SARL,IT SUPPLIER 01,940360,IT,2024-04-09,18604.51,4682.1,3.9735
EL BAHIA NEGOCE SARL,ANADOLU IHRACAT A.S.,940360,TR,2024-04-11,7530.39,1893.6,3.9768
TOZEUR IMPORT SARL,TR SUPPLIER 01,940360,TR,2024-04-12,25557.43,7218.9,3.5403
TABARKA IMPORT SARL,EG SUPPLIER 02,940360,EG,2024-04-13,57867.44,15439.0,3.7481
MEDITEX TRADING SARL,IBERIA SUMINISTROS SL,851713,ES,2024-04-14,2046127.8,15674.5,130.5386
ZITOUNA IMPORT SARL,GLOBAL SOURCING FZE,392690,AE,2024-04-14,35816.7,16074.4,2.2282
EL BAHIA NEGOCE SARL,LOMBARDIA FORNITURE SRL,870322,IT,2024-04-15,66336.01,6536.7,10.1482
DJERBA IMPORT SARL,DE SUPPLIER 02,847130,DE,2024-04-15,443441.29,2515.1,176.3116
MEDINA IMPORT SARL,FR SUPPLIER 01,610910,FR,2024-04-17,173955.03,9631.0,18.062
SOUSSE IMPORT SARL,FR SUPPLIER 03,300490,FR,2024-04-17,21073.51,332.7,63.3409
SOCIETE NOUR DISTRIBUTION,IBERIA SUMINISTROS SL,852872,ES,2024-04-20,22541.07,938.9,24.008
SFAX IMPORT SARL,IT SUPPLIER 03,090111,IT,2024-04-20,14586.34,4875.3,2.9919
EL BAHIA NEGOCE SARL,ANADOLU IHRACAT A.S.,852872,TR,2024-04-21,267483.77,10396.8,25.7275
MEDITEX TRADING SARL,SHENZHEN BRIGHT TRADING CO. LTD,870322,CN,2024-04-28,19795.99,2058.6,9.6162
SOUSSE IMPORT SARL,FR SUPPLIER 03,300490,FR,2024-05-03,830136.41,12901.8,64.3427
STE ESSALEM IMPORT SARL,NILE DELTA EXPORT,151090,EG,2024-05-04,38713.23,9745.8,3.9723
TABARKA IMPORT SARL,IN SUPPLIER 01,640399,IN,2024-05-04,57552.29,2340.3,24.5918
JASMIN IMPORT SARL,FR SUPPLIER 02,090111,FR,2024-05-05,40686.19,12214.1,3.3311
CARTHAGE IMPORT SARL,DERIVE SUPPLIER 2,300490,CN,2024-05-07,425778.47,7514.8,56.6587
SILIANA IMPORT SARL,TR SUPPLIER 02,090111,TR,2024-05-08,50604.93,16237.3,3.1166
SOUSSE IMPORT SARL,FR SUPPLIER 01,300490,FR,2024-05-10,677553.63,12393.0,54.6723
DJERBA IMPORT SARL,EG SUPPLIER 03,300490,EG,2024-05-14,124775.43,2005.1,62.229
SAHEL IMPORT SARL,DERIVE SUPPLIER 3,640399,CN,2024-05-17,214312.78,9429.1,22.7289
SOCIETE NOUR DISTRIBUTION,NILE DELTA EXPORT,870322,EG,2024-05-18,40500.54,4719.5,8.5815
JASMIN IMPORT SARL,FR SUPPLIER 02,090111,FR,2024-05-18,27525.74,8395.6,3.2786
ATLAS IMPORT SARL,DERIVE SUPPLIER 1,847130,CN,2024-05-22,110506.08,630.1,175.3786
JASMIN IMPORT SARL,FR SUPPLIER 02,090111,FR,2024-05-22,9522.33,2798.9,3.4022
MAHDIA IMPORT SARL,DE SUPPLIER 01,640399,DE,2024-05-23,230721.53,8711.8,26.4838
TABARKA IMPORT SARL,EG SUPPLIER 02,940360,EG,2024-05-24,36192.44,8928.0,4.0538
TABARKA IMPORT SARL,EG SUPPLIER 02,940360,EG,2024-05-24,31570.51,8709.1,3.625
ZITOUNA IMPORT SARL,GLOBAL SOURCING FZE,392690,AE,2024-06-03,24071.11,10589.5,2.2731
CARTHAGE IMPORT SARL,DERIVE SUPPLIER 2,300490,CN,2024-06-04,540318.79,10871.4,49.7009
SFAX IMPORT SARL,IT SUPPLIER 03,090111,IT,2024-06-05,48560.47,16041.9,3.0271
SFAX IMPORT SARL,TR SUPPLIER 02,090111,TR,2024-06-05,56201.48,16985.0,3.3089
GAFSA IMPORT SARL,FR SUPPLIER 02,852872,FR,2024-06-05,441957.99,19382.0,22.8025
SAHEL IMPORT SARL,DERIVE SUPPLIER 3,640399,CN,2024-06-07,379589.84,16876.5,22.4922
SFAX IMPORT SARL,ES SUPPLIER 02,090111,ES,2024-06-07,7149.15,2212.9,3.2307
DJERBA IMPORT SARL,EG SUPPLIER 03,300490,EG,2024-06-09,438598.45,7284.9,60.2065
SILIANA IMPORT SARL,DE SUPPLIER 03,090111,DE,2024-06-09,42462.1,14099.8,3.0115
ZITOUNA IMPORT SARL,GLOBAL SOURCING FZE,392690,AE,2024-06-12,37026.61,19073.0,1.9413
TOZEUR IMPORT SARL,IN SUPPLIER 02,940360,IN,2024-06-12,7863.24,2057.5,3.8217
OASIS IMPORT SARL,CN SUPPLIER 03,721049,CN,2024-06-14,2566.16,2479.9,1.0348
KEF IMPORT SARL,IT SUPPLIER 02,151090,IT,2024-06-14,45848.24,9972.9,4.5973
ZAGHOUAN IMPORT SARL,ES SUPPLIER 03,940360,ES,2024-06-15,55543.21,13557.2,4.097
MEDITEX TRADING SARL,NILE DELTA EXPORT,870322,EG,2024-06-16,63466.93,7012.5,9.0505
COMPTOIR DU SUD SA,NILE DELTA EXPORT,610910,EG,2024-06-19,365836.71,18714.1,19.5487
BEJA IMPORT SARL,IT SUPPLIER 02,392690,IT,2024-06-20,28745.83,8405.1,3.42
JASMIN IMPORT SARL,FR SUPPLIER 02,090111,FR,2024-06-22,46786.66,13921.0,3.3609
KEF IMPORT SARL,EG SUPPLIER 02,151090,EG,2024-06-22,32993.96,8224.9,4.0115
OASIS IMPORT SARL,CN SUPPLIER 03,721049,CN,2024-06-24,12772.0,10810.1,1.1815
KAIROUAN IMPORT SARL,ES SUPPLIER 03,610910,ES,2024-06-24,36382.18,2029.8,17.924
ATLAS IMPORT SARL,DERIVE SUPPLIER 1,847130,CN,2024-06-25,1262205.96,8311.3,151.8662
KAIROUAN IMPORT SARL,IT SUPPLIER 02,610910,IT,2024-06-25,60142.12,3458.9,17.3876
SOCIETE NOUR DISTRIBUTION,IBERIA SUMINISTROS SL,852872,ES,2024-06-27,274466.3,11149.0,24.618
GAFSA IMPORT SARL,IT SUPPLIER 01,940360,IT,2024-06-27,38356.79,10494.5,3.6549
BEJA IMPORT SARL,IT SUPPLIER 02,300490,IT,2024-07-01,479471.63,7550.3,63.5037
MONASTIR IMPORT SARL,FR SUPPLIER 03,851713,FR,2024-07-04,1371103.01,9311.2,147.2531
ZAGHOUAN IMPORT SARL,ES SUPPLIER 03,940360,ES,2024-07-09,6469.77,1578.6,4.0984
KAIROUAN IMPORT SARL,FR SUPPLIER 03,610910,FR,2024-07-10,241337.12,13093.8,18.4314
ZITOUNA IMPORT SARL,FR SUPPLIER 01,392690,FR,2024-07-13,5571.76,1704.4,3.269
HAMMAMET IMPORT SARL,ES SUPPLIER 03,090111,ES,2024-07-13,36938.34,11135.4,3.3172
OASIS IMPORT SARL,CN SUPPLIER 03,721049,CN,2024-07-14,21656.28,18009.7,1.2025
SOUSSE IMPORT SARL,FR SUPPLIER 01,300490,FR,2024-07-14,196148.68,3532.5,55.5269
SOCIETE NOUR DISTRIBUTION,LOMBARDIA FORNITURE SRL,870322,IT,2024-07-15,71796.51,7619.6,9.4226
MONASTIR IMPORT SARL,CN SUPPLIER 01,721049,CN,2024-07-15,15306.78,14845.7,1.0311
SOUSSE IMPORT SARL,FR SUPPLIER 03,300490,FR,2024-07-15,85913.27,1441.4,59.604
MEDITEX TRADING SARL,IBERIA SUMINISTROS SL,940360,ES,2024-07-18,9402.61,2371.9,3.9642
COMPTOIR DU SUD SA,IBERIA SUMINISTROS SL,940360,ES,2024-07-20,32292.3,8785.4,3.6757
TOZEUR IMPORT SARL,TR SUPPLIER 01,940360,TR,2024-07-21,73862.61,19823.3,3.7261
MEDITEX TRADING SARL,IBERIA SUMINISTROS SL,610910,ES,2024-07-22,215099.4,11482.7,18.7325
OASIS IMPORT SARL,CN SUPPLIER 03,721049,CN,2024-07-23,2512.21,2493.9,1.0073
TABARKA IMPORT SARL,EG SUPPLIER 02,940360,EG,2024-07-23,26251.43,6563.1,3.9999
KEF IMPORT SARL,EG SUPPLIER 02,151090,EG,2024-07-23,10319.64,2564.8,4.0236
COMPTOIR DU SUD SA,SHENZHEN BRIGHT TRADING CO. LTD,940360,CN,2024-07-25,19877.31,5107.2,3.892
KELIBIA IMPORT SARL,IT SUPPLIER 01,300490,IT,2024-07-28,669094.11,10275.1,65.118
MEDINA IMPORT SARL,DE SUPPLIER 02,610910,DE,2024-08-02,307192.02,17251.5,17.8067
HAMMAMET IMPORT SARL,ES SUPPLIER 03,151090,ES,2024-08-02,60296.54,14432.1,4.1779
BIZERTE IMPORT SARL,GLOBAL SOURCING FZE,392690,AE,2024-08-06,29454.51,13356.8,2.2052
SILIANA IMPORT SARL,ES SUPPLIER 01,090111,ES,2024-08-07,16529.46,4870.3,3.3939
BIZERTE IMPORT SARL,GLOBAL SOURCING FZE,392690,AE,2024-08-10,5620.58,2488.5,2.2586
GABES IMPORT SARL,IT SUPPLIER 01,940360,IT,2024-08-11,18596.66,4774.3,3.8952
TOZEUR IMPORT SARL,IN SUPPLIER 02,940360,IN,2024-08-11,44037.42,12671.7,3.4753
OASIS IMPORT SARL,CN SUPPLIER 03,721049,CN,2024-08-12,14614.19,13300.1,1.0988
CARTHAGE IMPORT SARL,DERIVE SUPPLIER 2,300490,CN,2024-08-15,191408.93,3285.4,58.2605
EL BAHIA NEGOCE SARL,IBERIA SUMINISTROS SL,940360,ES,2024-08-16,11276.97,2705.2,4.1686
ATLAS IMPORT SARL,DERIVE SUPPLIER 1,847130,CN,2024-08-28,3191162.49,18473.3,172.7446
SAHEL IMPORT SARL,DERIVE SUPPLIER 3,640399,CN,2024-08-28,276288.06,11718.5,23.5771
SFAX IMPORT SARL,ES SUPPLIER 02,090111,ES,2024-08-28,35190.89,11272.4,3.1219
OASIS IMPORT SARL,CN SUPPLIER 03,721049,CN,2024-09-01,6298.9,5884.9,1.0703
MEDITEX TRADING SARL,ANADOLU IHRACAT A.S.,151090,TR,2024-09-03,35590.18,8622.0,4.1278
DJERBA IMPORT SARL,DE SUPPLIER 02,300490,DE,2024-09-04,921706.34,15565.2,59.2158
BEJA IMPORT SARL,FR SUPPLIER 03,392690,FR,2024-09-04,56303.11,14656.7,3.8415
JASMIN IMPORT SARL,FR SUPPLIER 02,090111,FR,2024-09-05,51948.55,15560.5,3.3385
HAMMAMET IMPORT SARL,ES SUPPLIER 01,090111,ES,2024-09-09,33465.46,11138.7,3.0044
KELIBIA IMPORT SARL,IN SUPPLIER 02,300490,IN,2024-09-09,176836.52,2978.7,59.367
BEJA IMPORT SARL,IT SUPPLIER 02,300490,IT,2024-09-09,249455.8,4590.7,54.3394
KELIBIA IMPORT SARL,IN SUPPLIER 02,300490,IN,2024-09-10,375318.97,5869.4,63.945
HAMMAMET IMPORT SARL,ES SUPPLIER 01,090111,ES,2024-09-14,32385.62,10078.5,3.2133
GABES IMPORT SARL,DE SUPPLIER 01,940360,DE,2024-09-14,40205.04,10988.9,3.6587
GABES IMPORT SARL,IT SUPPLIER 01,940360,IT,2024-09-14,19342.88,4638.9,4.1697
STE ESSALEM IMPORT SARL,NILE DELTA EXPORT,940360,EG,2024-09-16,65121.68,16920.7,3.8486
SFAX IMPORT SARL,ES SUPPLIER 02,090111,ES,2024-09-16,29600.72,9029.8,3.2781
SILIANA IMPORT SARL,ES SUPPLIER 01,090111,ES,2024-09-19,35807.29,12341.7,2.9013
SOCIETE NOUR DISTRIBUTION,NILE DELTA EXPORT,151090,EG,2024-09-21,74726.16,19177.9,3.8965
MONASTIR IMPORT SARL,CN SUPPLIER 01,721049,CN,2024-09-21,2743.43,2533.2,1.083
TOZEUR IMPORT SARL,TR SUPPLIER 01,940360,TR,2024-09-21,37812.95,10729.3,3.5243
MONASTIR IMPORT SARL,CN SUPPLIER 01,721049,CN,2024-09-22,12971.32,12360.2,1.0494
GABES IMPORT SARL,IT SUPPLIER 01,940360,IT,2024-09-22,10451.84,2549.5,4.0996
ZITOUNA IMPORT SARL,TR SUPPLIER 03,392690,TR,2024-09-23,59530.95,18747.3,3.1754
HAMMAMET IMPORT SARL,ES SUPPLIER 01,090111,ES,2024-09-23,31714.93,9194.8,3.4492
BIZERTE IMPORT SARL,GLOBAL SOURCING FZE,392690,AE,2024-10-01,28380.25,14981.1,1.8944
BEJA IMPORT SARL,IT SUPPLIER 02,392690,IT,2024-10-01,19936.36,5457.3,3.6532
ZAGHOUAN IMPORT SARL,ES SUPPLIER 01,940360,ES,2024-10-01,7090.31,1738.4,4.0786
MEDINA IMPORT SARL,GLOBAL SOURCING FZE,610910,AE,2024-10-03,10590.61,937.2,11.3003
MAHDIA IMPORT SARL,FR SUPPLIER 01,640399,FR,2024-10-03,285000.68,11798.4,24.1559
GAFSA IMPORT SARL,IT SUPPLIER 01,940360,IT,2024-10-03,71777.52,17464.8,4.1098
MAHDIA IMPORT SARL,DE SUPPLIER 01,640399,DE,2024-10-04,299800.19,10957.8,27.3595
EL BAHIA NEGOCE SARL,ANADOLU IHRACAT A.S.,851713,TR,2024-10-05,821823.23,6046.8,135.9104
HAMMAMET IMPORT SARL,ES SUPPLIER 03,090111,ES,2024-10-07,44581.47,15175.9,2.9376
SOUSSE IMPORT SARL,FR SUPPLIER 01,300490,FR,2024-10-07,117866.09,2015.9,58.4682
JASMIN IMPORT SARL,FR SUPPLIER 02,090111,FR,2024-10-09,56391.29,18831.3,2.9946
KELIBIA IMPORT SARL,IN SUPPLIER 02,300490,IN,2024-10-11,1017573.48,16893.3,60.2353
SILIANA IMPORT SARL,DE SUPPLIER 03,090111,DE,2024-10-12,50994.93,16508.1,3.0891
NABEUL IMPORT SARL,DE SUPPLIER 01,300490,DE,2024-10-15,197261.84,3499.9,56.3621
OASIS IMPORT SARL,CN SUPPLIER 03,721049,CN,2024-10-18,13761.41,12661.1,1.0869
GABES IMPORT SARL,DE SUPPLIER 01,940360,DE,2024-10-18,9194.68,2618.4,3.5116
GAFSA IMPORT SARL,FR SUPPLIER 02,852872,FR,2024-10-19,373290.24,16626.9,22.451
SILIANA IMPORT SARL,DE SUPPLIER 03,090111,DE,2024-10-19,38962.97,13293.2,2.931
STE ESSALEM IMPORT SARL,IBERIA SUMINISTROS SL,940360,ES,2024-10-21,20790.34,5894.5,3.5271
SAHEL IMPORT SARL,DERIVE SUPPLIER 3,640399,CN,2024-10-22,33091.48,1478.2,22.3863
CARTHAGE IMPORT SARL,DERIVE SUPPLIER 2,300490,CN,2024-10-23,228122.88,4286.1,53.2239
ATLAS IMPORT SARL,DERIVE SUPPLIER 1,847130,CN,2024-10-25,2099095.2,12733.1,164.8534
GAFSA IMPORT SARL,IT SUPPLIER 01,852872,IT,2024-10-25,100065.77,4611.5,21.6992
EL BAHIA NEGOCE SARL,IBERIA SUMINISTROS SL,870322,ES,2024-10-26,9903.56,1023.5,9.6762
HAMMAMET IMPORT SARL,ES SUPPLIER 03,090111,ES,2024-10-27,9259.8,2646.2,3.4993
TOZEUR IMPORT SARL,TR SUPPLIER 01,090111,TR,2024-10-28,53537.78,15574.7,3.4375
ZAGHOUAN IMPORT SARL,ES SUPPLIER 01,940360,ES,2024-10-28,45971.28,12894.7,3.5651
MEDITEX TRADING SARL,SHENZHEN BRIGHT TRADING CO. LTD,870322,CN,2024-11-01,30683.9,3395.5,9.0366
SILIANA IMPORT SARL,ES SUPPLIER 01,090111,ES,2024-11-02,33617.66,9982.7,3.3676
DJERBA IMPORT SARL,IT SUPPLIER 01,847130,IT,2024-11-03,1029486.21,6350.0,162.1238
TOZEUR IMPORT SARL,TR SUPPLIER 01,940360,TR,2024-11-03,18294.01,5223.4,3.5023
MAHDIA IMPORT SARL,DE SUPPLIER 01,640399,DE,2024-11-03,7385.91,275.7,26.7897
BIZERTE IMPORT SARL,IN SUPPLIER 03,392690,IN,2024-11-04,12755.97,3675.3,3.4707
EL BAHIA NEGOCE SARL,NILE DELTA EXPORT,151090,EG,2024-11-08,16489.99,3699.5,4.4574
SOCIETE NOUR DISTRIBUTION,IBERIA SUMINISTROS SL,870322,ES,2024-11-11,127126.31,12733.5,9.9836
EL BAHIA NEGOCE SARL,ANADOLU IHRACAT A.S.,851713,TR,2024-11-11,1260015.38,8765.4,143.7488
KEF IMPORT SARL,EG SUPPLIER 02,721049,EG,2024-11-11,19260.87,19022.3,1.0125
DJERBA IMPORT SARL,DE SUPPLIER 02,300490,DE,2024-11-12,664279.62,11970.0,55.4954
KELIBIA IMPORT SARL,IT SUPPLIER 01,300490,IT,2024-11-12,37699.59,619.1,60.8942
MEDITEX TRADING SARL,SHENZHEN BRIGHT TRADING CO. LTD,151090,CN,2024-11-14,52350.24,12234.2,4.279
DJERBA IMPORT SARL,DE SUPPLIER 02,300490,DE,2024-11-19,531121.25,8653.1,61.3793
KAIROUAN IMPORT SARL,GLOBAL SOURCING FZE,610910,AE,2024-11-21,98807.63,8116.6,12.1735
SOCIETE NOUR DISTRIBUTION,LOMBARDIA FORNITURE SRL,610910,IT,2024-11-26,119824.84,5933.2,20.1957
MONASTIR IMPORT SARL,CN SUPPLIER 01,851713,CN,2024-11-26,2634159.21,19573.0,134.5813
GABES IMPORT SARL,DE SUPPLIER 01,940360,DE,2024-11-26,8010.4,2108.7,3.7987
MEDITEX TRADING SARL,NILE DELTA EXPORT,870322,EG,2024-12-01,13288.73,1341.1,9.9088
TABARKA IMPORT SARL,EG SUPPLIER 02,940360,EG,2024-12-01,28955.15,8384.4,3.4535
MAHDIA IMPORT SARL,EG SUPPLIER 02,640399,EG,2024-12-02,159541.79,5956.5,26.7845
ZAGHOUAN IMPORT SARL,ES SUPPLIER 03,940360,ES,2024-12-04,33488.16,9605.3,3.4864
MEDITEX TRADING SARL,SHENZHEN BRIGHT TRADING CO. LTD,610910,CN,2024-12-09,330775.94,17253.8,19.1712
TABARKA IMPORT SARL,EG SUPPLIER 02,940360,EG,2024-12-09,28937.88,7849.6,3.6865
MAHDIA IMPORT SARL,FR SUPPLIER 01,640399,FR,2024-12-11,423024.19,16809.5,25.1658
ATLAS IMPORT SARL,DERIVE SUPPLIER 1,847130,CN,2024-12-12,1548009.18,11018.9,140.4867
HAMMAMET IMPORT SARL,ES SUPPLIER 01,151090,ES,2024-12-12,17598.69,3983.0,4.4185
COMPTOIR DU SUD SA,LOMBARDIA FORNITURE SRL,151090,IT,2024-12-14,9317.95,2113.9,4.4079
EL BAHIA NEGOCE SARL,NILE DELTA EXPORT,151090,EG,2024-12-18,73875.62,16280.1,4.5378
DJERBA IMPORT SARL,EG SUPPLIER 03,847130,EG,2024-12-21,3075015.27,18667.1,164.7291
MONASTIR IMPORT SARL,FR SUPPLIER 03,851713,FR,2024-12-21,555219.54,3618.9,153.4222
MEDITEX TRADING SARL,ANADOLU IHRACAT A.S.,852872,TR,2024-12-22,393356.42,16961.5,23.1911
CARTHAGE IMPORT SARL,DERIVE SUPPLIER 2,300490,CN,2024-12-23,318794.15,6327.1,50.3855
TOZEUR IMPORT SARL,TR SUPPLIER 01,940360,TR,2024-12-24,63749.15,16031.9,3.9764
SOCIETE NOUR DISTRIBUTION,NILE DELTA EXPORT,610910,EG,2024-12-27,333217.45,19029.8,17.5103
SAHEL IMPORT SARL,DERIVE SUPPLIER 3,640399,CN,2024-12-28,214258.1,10277.4,20.8475
HAMMAMET IMPORT SARL,ES SUPPLIER 03,151090,ES,2025-01-01,87079.26,19349.8,4.5003
SAHEL IMPORT SARL,DERIVE SUPPLIER 3,640399,CN,2025-01-03,124031.49,6112.4,20.2918
GAFSA IMPORT SARL,IT SUPPLIER 01,940360,IT,2025-01-03,13905.75,3552.5,3.9144
GABES IMPORT SARL,DE SUPPLIER 01,940360,DE,2025-01-04,5818.76,1392.3,4.1792
CARTHAGE IMPORT SARL,DERIVE SUPPLIER 2,300490,CN,2025-01-05,523855.83,10531.7,49.7409
JASMIN IMPORT SARL,FR SUPPLIER 02,090111,FR,2025-01-07,35947.56,10747.5,3.3447
SOUSSE IMPORT SARL,FR SUPPLIER 03,300490,FR,2025-01-07,312056.33,5573.7,55.9873
MEDINA IMPORT SARL,GLOBAL SOURCING FZE,610910,AE,2025-01-09,22564.5,2018.8,11.1772
GAFSA IMPORT SARL,IT SUPPLIER 01,852872,IT,2025-01-11,443694.31,18114.9,24.4933
STE ESSALEM IMPORT SARL,LOMBARDIA FORNITURE SRL,851713,IT,2025-01-12,806160.87,5180.0,155.6295
KELIBIA IMPORT SARL,IN SUPPLIER 02,300490,IN,2025-01-12,69608.23,1112.7,62.558
KELIBIA IMPORT SARL,IN SUPPLIER 02,300490,IN,2025-01-12,664680.71,10175.7,65.3204
ATLAS IMPORT SARL,DERIVE SUPPLIER 1,847130,CN,2025-01-13,1742899.95,13034.9,133.7103
NABEUL IMPORT SARL,DE SUPPLIER 01,300490,DE,2025-01-13,1183577.61,19271.0,61.4176
KEF IMPORT SARL,EG SUPPLIER 02,721049,EG,2025-01-13,21109.78,19831.4,1.0645
KEF IMPORT SARL,EG SUPPLIER 02,721049,EG,2025-01-13,14197.58,11992.5,1.1839
BIZERTE IMPORT SARL,CN SUPPLIER 03,392690,CN,2025-01-14,67603.0,19322.8,3.4986
MONASTIR IMPORT SARL,FR SUPPLIER 03,851713,FR,2025-01-20,2597232.91,17017.0,152.6258
GAFSA IMPORT SARL,FR SUPPLIER 02,940360,FR,2025-01-23,39143.27,9715.1,4.0291
ZITOUNA IMPORT SARL,CN SUPPLIER 01,392690,CN,2025-01-25,16048.36,5037.5,3.1858
STE ESSALEM IMPORT SARL,LOMBARDIA FORNITURE SRL,940360,IT,2025-01-26,49184.12,13461.1,3.6538
GAFSA IMPORT SARL,IT SUPPLIER 01,852872,IT,2025-01-27,163885.9,7503.4,21.8416
STE ESSALEM IMPORT SARL,NILE DELTA EXPORT,852872,EG,2025-01-28,431048.14,17841.2,24.1603
MONASTIR IMPORT SARL,FR SUPPLIER 03,851713,FR,2025-01-28,397057.46,2581.7,153.7969
DJERBA IMPORT SARL,EG SUPPLIER 03,847130,EG,2025-02-01,462681.7,2357.7,196.2428
KELIBIA IMPORT SARL,IT SUPPLIER 01,300490,IT,2025-02-01,490984.66,7901.9,62.135
COMPTOIR DU SUD SA,NILE DELTA EXPORT,851713,EG,2025-02-03,2387005.3,16880.3,141.4078
SOCIETE NOUR DISTRIBUTION,IBERIA SUMINISTROS SL,610910,ES,2025-02-03,303252.62,15948.3,19.0147
SOCIETE NOUR DISTRIBUTION,NILE DELTA EXPORT,851713,EG,2025-02-06,1995329.44,13319.3,149.8074
EL BAHIA NEGOCE SARL,LOMBARDIA FORNITURE SRL,870322,IT,2025-02-07,161173.52,16666.1,9.6707
OASIS IMPORT SARL,CN SUPPLIER 03,721049,CN,2025-02-07,9945.7,9295.9,1.0699
MONASTIR IMPORT SARL,CN SUPPLIER 01,851713,CN,2025-02-07,2363418.61,16458.8,143.596
MEDITEX TRADING SARL,NILE DELTA EXPORT,870322,EG,2025-02-08,167251.7,19315.6,8.6589
OASIS IMPORT SARL,CN SUPPLIER 03,721049,CN,2025-02-08,4875.66,4148.8,1.1752
DJERBA IMPORT SARL,DE SUPPLIER 02,847130,DE,2025-02-09,701674.91,3791.8,185.0506
MONASTIR IMPORT SARL,CN SUPPLIER 01,851713,CN,2025-02-09,297060.49,2011.9,147.6517
BEJA IMPORT SARL,IT SUPPLIER 01,392690,IT,2025-02-09,60872.25,18885.1,3.2233
SOCIETE NOUR DISTRIBUTION,LOMBARDIA FORNITURE SRL,852872,IT,2025-02-13,270342.53,11646.9,23.2115
SOCIETE NOUR DISTRIBUTION,SHENZHEN BRIGHT TRADING CO. LTD,870322,CN,2025-02-18,66869.25,6513.9,10.2656
BEJA IMPORT SARL,IT SUPPLIER 02,392690,IT,2025-02-25,55499.03,15034.1,3.6915
COMPTOIR DU SUD SA,LOMBARDIA FORNITURE SRL,940360,IT,2025-02-26,28016.15,7930.1,3.5329
TABARKA IMPORT SARL,IN SUPPLIER 01,640399,IN,2025-02-27,466755.34,18460.7,25.2837
SILIANA IMPORT SARL,DE SUPPLIER 03,090111,DE,2025-02-27,1827.91,589.4,3.1013
TABARKA IMPORT SARL,EG SUPPLIER 02,640399,EG,2025-03-01,297043.36,12784.5,23.2346
ZAGHOUAN IMPORT SARL,ES SUPPLIER 03,940360,ES,2025-03-02,12628.79,3582.9,3.5247
ZAGHOUAN IMPORT SARL,EG SUPPLIER 03,940360,EG,2025-03-02,25410.28,6947.0,3.6577
STE ESSALEM IMPORT SARL,NILE DELTA EXPORT,940360,EG,2025-03-04,19242.36,4950.7,3.8868
DJERBA IMPORT SARL,IT SUPPLIER 01,847130,IT,2025-03-04,2089880.08,12621.3,165.5836
DJERBA IMPORT SARL,DE SUPPLIER 02,847130,DE,2025-03-04,1818239.05,9432.0,192.7734
NABEUL IMPORT SARL,ES SUPPLIER 03,852872,ES,2025-03-04,346085.94,13938.6,24.8293
COMPTOIR DU SUD SA,SHENZHEN BRIGHT TRADING CO. LTD,151090,CN,2025-03-05,51325.92,11518.0,4.4561
TOZEUR IMPORT SARL,IN SUPPLIER 02,940360,IN,2025-03-07,3648.65,1028.8,3.5465
KEF IMPORT SARL,IT SUPPLIER 02,151090,IT,2025-03-08,54702.06,11974.1,4.5684
GAFSA IMPORT SARL,FR SUPPLIER 02,852872,FR,2025-03-09,46706.33,1961.3,23.814
KEF IMPORT SARL,IT SUPPLIER 02,721049,IT,2025-03-09,9627.75,9448.5,1.019
ZAGHOUAN IMPORT SARL,ES SUPPLIER 01,940360,ES,2025-03-11,42743.14,10232.3,4.1773
KAIROUAN IMPORT SARL,CN SUPPLIER 03,610910,CN,2025-03-13,83484.81,4997.3,16.706
CARTHAGE IMPORT SARL,DERIVE SUPPLIER 2,300490,CN,2025-03-14,105425.53,2339.5,45.0633
SILIANA IMPORT SARL,TR SUPPLIER 02,090111,TR,2025-03-14,25435.9,7413.6,3.431
MEDITEX TRADING SARL,NILE DELTA EXPORT,870322,EG,2025-03-15,35323.12,3703.9,9.5367
STE ESSALEM IMPORT SARL,LOMBARDIA FORNITURE SRL,852872,IT,2025-03-16,11016.16,427.5,25.7688
NABEUL IMPORT SARL,DE SUPPLIER 01,852872,DE,2025-03-17,18452.23,851.0,21.683
ATLAS IMPORT SARL,DERIVE SUPPLIER 1,847130,CN,2025-03-18,1858874.45,14543.8,127.8122
KELIBIA IMPORT SARL,IT SUPPLIER 01,300490,IT,2025-03-18,215747.15,3735.2,57.7605
MEDITEX TRADING SARL,LOMBARDIA FORNITURE SRL,870322,IT,2025-03-20,119718.46,12223.7,9.794
SAHEL IMPORT SARL,DERIVE SUPPLIER 3,640399,CN,2025-03-20,368219.27,17090.4,21.5454
SOUSSE IMPORT SARL,FR SUPPLIER 03,300490,FR,2025-03-22,791241.6,12918.2,61.2501
SILIANA IMPORT SARL,TR SUPPLIER 02,090111,TR,2025-03-23,3685.46,1098.7,3.3544
MONASTIR IMPORT SARL,CN SUPPLIER 01,851713,CN,2025-03-24,142324.13,1049.7,135.5855
BEJA IMPORT SARL,IT SUPPLIER 02,392690,IT,2025-03-26,28394.15,7840.4,3.6215
SFAX IMPORT SARL,IT SUPPLIER 03,090111,IT,2025-03-27,34792.53,11827.8,2.9416
ZITOUNA IMPORT SARL,GLOBAL SOURCING FZE,392690,AE,2025-04-02,38815.33,18919.7,2.0516
KEF IMPORT SARL,EG SUPPLIER 02,151090,EG,2025-04-02,26478.28,6655.0,3.9787
KEF IMPORT SARL,EG SUPPLIER 02,151090,EG,2025-04-03,3612.91,935.9,3.8604
BIZERTE IMPORT SARL,IN SUPPLIER 02,392690,IN,2025-04-06,11683.7,3149.9,3.7092
NABEUL IMPORT SARL,DE SUPPLIER 01,852872,DE,2025-04-06,55630.78,2151.9,25.8519
STE ESSALEM IMPORT SARL,IBERIA SUMINISTROS SL,610910,ES,2025-04-07,292678.31,16136.9,18.1372
MEDINA IMPORT SARL,GLOBAL SOURCING FZE,610910,AE,2025-04-07,53395.3,5134.6,10.3991
MAHDIA IMPORT SARL,FR SUPPLIER 01,640399,FR,2025-04-07,55373.35,2130.8,25.9871
COMPTOIR DU SUD SA,SHENZHEN BRIGHT TRADING CO. LTD,940360,CN,2025-04-11,24422.33,6689.6,3.6508
KEF IMPORT SARL,IT SUPPLIER 02,151090,IT,2025-04-13,3531.11,766.8,4.605
GABES IMPORT SARL,IT SUPPLIER 01,940360,IT,2025-04-14,48073.0,13748.6,3.4966
NABEUL IMPORT SARL,ES SUPPLIER 03,852872,ES,2025-04-16,13952.8,603.2,23.1313
GABES IMPORT SARL,IT SUPPLIER 01,940360,IT,2025-04-16,72687.41,18516.5,3.9255
ZAGHOUAN IMPORT SARL,ES SUPPLIER 03,940360,ES,2025-04-16,5234.94,1365.0,3.8351
EL BAHIA NEGOCE SARL,SHENZHEN BRIGHT TRADING CO. LTD,870322,CN,2025-04-17,159863.17,18208.1,8.7798
STE ESSALEM IMPORT SARL,NILE DELTA EXPORT,610910,EG,2025-04-18,289830.15,14347.6,20.2006
KELIBIA IMPORT SARL,IN SUPPLIER 02,300490,IN,2025-04-18,1037955.76,15903.2,65.2671
ZAGHOUAN IMPORT SARL,ES SUPPLIER 03,940360,ES,2025-04-21,45818.07,11959.3,3.8312
STE ESSALEM IMPORT SARL,NILE DELTA EXPORT,940360,EG,2025-04-23,26170.07,7326.7,3.5719
HAMMAMET IMPORT SARL,ES SUPPLIER 01,090111,ES,2025-04-23,19842.27,6460.9,3.0711
ZAGHOUAN IMPORT SARL,ES SUPPLIER 03,940360,ES,2025-04-23,12144.56,3079.0,3.9443
OASIS IMPORT SARL,CN SUPPLIER 03,721049,CN,2025-04-24,2394.72,2016.9,1.1873
DJERBA IMPORT SARL,DE SUPPLIER 02,300490,DE,2025-04-24,84461.37,1414.6,59.7069
ZAGHOUAN IMPORT SARL,ES SUPPLIER 01,940360,ES,2025-04-24,25883.16,6909.6,3.746
SOCIETE NOUR DISTRIBUTION,NILE DELTA EXPORT,851713,EG,2025-04-27,2770353.49,17897.2,154.7926
OASIS IMPORT SARL,CN SUPPLIER 03,721049,CN,2025-04-27,12462.44,10516.1,1.1851
BIZERTE IMPORT SARL,GLOBAL SOURCING FZE,392690,AE,2025-04-27,21610.56,11092.3,1.9482
GABES IMPORT SARL,DE SUPPLIER 01,940360,DE,2025-05-01,17473.25,4628.7,3.775
STE ESSALEM IMPORT SARL,NILE DELTA EXPORT,610910,EG,2025-05-03,247884.51,12826.8,19.3255
STE ESSALEM IMPORT SARL,SHENZHEN BRIGHT TRADING CO. LTD,870322,CN,2025-05-04,186171.79,19036.6,9.7797
KEF IMPORT SARL,IT SUPPLIER 02,151090,IT,2025-05-04,51822.54,11700.8,4.429
EL BAHIA NEGOCE SARL,ANADOLU IHRACAT A.S.,610910,TR,2025-05-05,13973.53,784.4,17.8143
GABES IMPORT SARL,IT SUPPLIER 01,940360,IT,2025-05-05,58138.41,14668.7,3.9634
BEJA IMPORT SARL,FR SUPPLIER 03,392690,FR,2025-05-05,25404.94,6664.1,3.8122
SOUSSE IMPORT SARL,FR SUPPLIER 01,300490,FR,2025-05-06,248709.72,3933.0,63.2366
SAHEL IMPORT SARL,DERIVE SUPPLIER 3,640399,CN,2025-05-11,121615.47,6636.9,18.3241
MEDINA IMPORT SARL,GLOBAL SOURCING FZE,610910,AE,2025-05-11,31168.79,2569.6,12.1298
MONASTIR IMPORT SARL,FR SUPPLIER 03,721049,FR,2025-05-11,18108.88,17339.5,1.0444
ZAGHOUAN IMPORT SARL,ES SUPPLIER 03,940360,ES,2025-05-13,20142.79,5222.5,3.8569
STE ESSALEM IMPORT SARL,NILE DELTA EXPORT,151090,EG,2025-05-14,64562.21,15380.7,4.1976
SFAX IMPORT SARL,ES SUPPLIER 02,090111,ES,2025-05-14,14383.99,4566.9,3.1496
GABES IMPORT SARL,IT SUPPLIER 01,940360,IT,2025-05-15,75914.13,18832.1,4.0311
STE ESSALEM IMPORT SARL,SHENZHEN BRIGHT TRADING CO. LTD,151090,CN,2025-05-16,72537.16,16090.5,4.5081
CARTHAGE IMPORT SARL,DERIVE SUPPLIER 2,300490,CN,2025-05-17,49818.46,1080.7,46.0983
ATLAS IMPORT SARL,DERIVE SUPPLIER 1,847130,CN,2025-05-19,1787109.29,14093.5,126.8038
TOZEUR IMPORT SARL,IN SUPPLIER 02,940360,IN,2025-05-19,71767.32,19718.7,3.6396
STE ESSALEM IMPORT SARL,SHENZHEN BRIGHT TRADING CO. LTD,610910,CN,2025-05-20,302429.17,17759.1,17.0295
GAFSA IMPORT SARL,FR SUPPLIER 02,852872,FR,2025-05-20,50478.87,2204.7,22.896
KEF IMPORT SARL,IT SUPPLIER 02,721049,IT,2025-05-20,4653.29,4541.2,1.0247
MEDINA IMPORT SARL,ES SUPPLIER 03,610910,ES,2025-05-21,205643.96,11374.7,18.0791
MEDITEX TRADING SARL,IBERIA SUMINISTROS SL,851713,ES,2025-05-22,2359397.16,17913.4,131.7113
GABES IMPORT SARL,DE SUPPLIER 01,940360,DE,2025-05-22,62737.84,16273.8,3.8551
NABEUL IMPORT SARL,IT SUPPLIER 03,300490,IT,2025-05-25,896797.19,14147.7,63.3882
SFAX IMPORT SARL,TR SUPPLIER 02,090111,TR,2025-05-27,20705.55,6180.1,3.3504
MEDITEX TRADING SARL,SHENZHEN BRIGHT TRADING CO. LTD,940360,CN,2025-05-28,64543.0,15974.9,4.0403
SOCIETE NOUR DISTRIBUTION,ANADOLU IHRACAT A.S.,610910,TR,2025-05-28,346788.52,17269.7,20.0807
JASMIN IMPORT SARL,FR SUPPLIER 02,090111,FR,2025-05-28,8154.36,2704.4,3.0152
ZITOUNA IMPORT SARL,ES SUPPLIER 03,392690,ES,2025-05-28,52811.25,15735.1,3.3563
ZITOUNA IMPORT SARL,GLOBAL SOURCING FZE,392690,AE,2025-05-28,14190.18,6414.7,2.2121
KAIROUAN IMPORT SARL,GLOBAL SOURCING FZE,610910,AE,2025-05-28,127684.19,12683.5,10.067
KELIBIA IMPORT SARL,IT SUPPLIER 01,300490,IT,2025-06-01,1007732.26,16915.2,59.5755
HAMMAMET IMPORT SARL,ES SUPPLIER 03,151090,ES,2025-06-03,50683.34,11332.8,4.4723
EL BAHIA NEGOCE SARL,LOMBARDIA FORNITURE SRL,851713,IT,2025-06-05,1695759.71,12612.2,134.4539
HAMMAMET IMPORT SARL,ES SUPPLIER 03,151090,ES,2025-06-05,31446.6,7084.9,4.4385
SOCIETE NOUR DISTRIBUTION,LOMBARDIA FORNITURE SRL,851713,IT,2025-06-06,204780.87,1311.7,156.1187
JASMIN IMPORT SARL,FR SUPPLIER 02,090111,FR,2025-06-06,41231.02,13920.4,2.9619
KAIROUAN IMPORT SARL,GLOBAL SOURCING FZE,610910,AE,2025-06-06,22627.17,1969.6,11.4882
SILIANA IMPORT SARL,DE SUPPLIER 03,090111,DE,2025-06-10,56707.16,16736.6,3.3882
ZAGHOUAN IMPORT SARL,EG SUPPLIER 03,940360,EG,2025-06-11,26996.7,6872.0,3.9285
JASMIN IMPORT SARL,FR SUPPLIER 02,090111,FR,2025-06-12,46742.57,13634.1,3.4284
NABEUL IMPORT SARL,ES SUPPLIER 03,300490,ES,2025-06-13,175120.59,2751.4,63.6478
BEJA IMPORT SARL,IT SUPPLIER 02,300490,IT,2025-06-14,367733.97,5591.0,65.7725
MAHDIA IMPORT SARL,DE SUPPLIER 01,640399,DE,2025-06-15,335743.04,14292.4,23.491
KAIROUAN IMPORT SARL,FR SUPPLIER 03,610910,FR,2025-06-16,194516.32,10430.5,18.6488
HAMMAMET IMPORT SARL,ES SUPPLIER 01,090111,ES,2025-06-17,60710.78,18766.3,3.2351
ZAGHOUAN IMPORT SARL,ES SUPPLIER 03,940360,ES,2025-06-17,5529.03,1459.0,3.7896
KEF IMPORT SARL,EG SUPPLIER 02,151090,EG,2025-06-17,59544.72,13602.4,4.3775
SOCIETE NOUR DISTRIBUTION,SHENZHEN BRIGHT TRADING CO. LTD,852872,CN,2025-06-19,115025.22,4499.0,25.5668
GABES IMPORT SARL,IT SUPPLIER 01,940360,IT,2025-06-19,61696.94,17513.3,3.5229
MEDITEX TRADING SARL,LOMBARDIA FORNITURE SRL,151090,IT,2025-06-22,70592.26,15709.6,4.4936
ZITOUNA IMPORT SARL,IN SUPPLIER 01,392690,IN,2025-06-23,3456.57,904.4,3.8219
SOCIETE NOUR DISTRIBUTION,LOMBARDIA FORNITURE SRL,870322,IT,2025-06-24,129309.12,14674.0,8.8121
JASMIN IMPORT SARL,IT SUPPLIER 01,851713,IT,2025-07-05,1403714.11,9419.7,149.019
KELIBIA IMPORT SARL,IN SUPPLIER 02,300490,IN,2025-07-09,486427.65,8379.0,58.0532
SILIANA IMPORT SARL,TR SUPPLIER 02,090111,TR,2025-07-14,41536.64,14412.9,2.8819
SOUSSE IMPORT SARL,FR SUPPLIER 03,300490,FR,2025-07-15,213694.07,3311.2,64.5367
GAFSA IMPORT SARL,FR SUPPLIER 02,940360,FR,2025-07-15,16870.53,4323.0,3.9025
CARTHAGE IMPORT SARL,DERIVE SUPPLIER 2,300490,CN,2025-07-16,957250.82,19772.3,48.4137
SAHEL IMPORT SARL,DERIVE SUPPLIER 3,640399,CN,2025-07-18,123331.54,7329.6,16.8265
JASMIN IMPORT SARL,IT SUPPLIER 01,851713,IT,2025-07-18,876244.86,6152.8,142.414
MEDINA IMPORT SARL,GLOBAL SOURCING FZE,610910,AE,2025-07-18,217913.69,19196.7,11.3516
NABEUL IMPORT SARL,ES SUPPLIER 03,300490,ES,2025-07-20,799675.87,14271.1,56.0346
SOUSSE IMPORT SARL,FR SUPPLIER 03,300490,FR,2025-07-23,425075.31,6778.2,62.7121
GABES IMPORT SARL,IT SUPPLIER 01,940360,IT,2025-07-24,33910.48,9384.0,3.6136
GABES IMPORT SARL,IT SUPPLIER 01,940360,IT,2025-07-24,29561.13,7416.6,3.9858
ATLAS IMPORT SARL,DERIVE SUPPLIER 1,847130,CN,2025-07-25,1685345.82,12958.5,130.0572
JASMIN IMPORT SARL,IT SUPPLIER 01,851713,IT,2025-07-27,458776.87,3443.4,133.2337
OASIS IMPORT SARL,ES SUPPLIER 02,300490,ES,2025-07-27,542412.12,9327.6,58.1513
BIZERTE IMPORT SARL,GLOBAL SOURCING FZE,392690,AE,2025-07-27,38314.8,17281.0,2.2172
COMPTOIR DU SUD SA,LOMBARDIA FORNITURE SRL,610910,IT,2025-07-28,232306.39,11570.8,20.077
JASMIN IMPORT SARL,IT SUPPLIER 01,851713,IT,2025-07-28,186313.11,1351.8,137.8259
MAHDIA IMPORT SARL,DE SUPPLIER 01,640399,DE,2025-08-02,455311.19,19022.9,23.9349
COMPTOIR DU SUD SA,IBERIA SUMINISTROS SL,851713,ES,2025-08-03,2493699.92,17544.7,142.1341
BIZERTE IMPORT SARL,DE SUPPLIER 02,392690,DE,2025-08-03,65053.44,18668.4,3.4847
MAHDIA IMPORT SARL,DE SUPPLIER 01,640399,DE,2025-08-03,294623.1,12715.9,23.1697
TABARKA IMPORT SARL,EG SUPPLIER 02,640399,EG,2025-08-04,227798.06,9343.0,24.3817
BIZERTE IMPORT SARL,IN SUPPLIER 01,392690,IN,2025-08-06,44647.79,11609.8,3.8457
NABEUL IMPORT SARL,DE SUPPLIER 01,300490,DE,2025-08-08,185357.06,3285.9,56.4098
TOZEUR IMPORT SARL,IN SUPPLIER 02,090111,IN,2025-08-08,54335.49,18046.0,3.0109
SAHEL IMPORT SARL,DERIVE SUPPLIER 3,640399,CN,2025-08-09,292136.28,17297.3,16.8891
CARTHAGE IMPORT SARL,DERIVE SUPPLIER 2,300490,CN,2025-08-12,555249.49,13226.1,41.9813
BEJA IMPORT SARL,IT SUPPLIER 02,392690,IT,2025-08-12,37100.29,10128.7,3.6629
OASIS IMPORT SARL,ES SUPPLIER 02,300490,ES,2025-08-15,740440.35,11281.0,65.6361
ATLAS IMPORT SARL,DERIVE SUPPLIER 1,847130,CN,2025-08-16,2238743.59,16081.4,139.2132
KELIBIA IMPORT SARL,IT SUPPLIER 01,300490,IT,2025-08-16,1040543.47,16211.4,64.1859
SOUSSE IMPORT SARL,FR SUPPLIER 03,300490,FR,2025-08-16,607684.3,10522.7,57.7498
STE ESSALEM IMPORT SARL,ANADOLU IHRACAT A.S.,940360,TR,2025-08-18,45051.98,11219.9,4.0154
TOZEUR IMPORT SARL,IN SUPPLIER 02,940360,IN,2025-08-18,67900.3,17329.9,3.9181
DJERBA IMPORT SARL,IT SUPPLIER 01,847130,IT,2025-08-20,992037.04,5086.5,195.0333
SFAX IMPORT SARL,TR SUPPLIER 02,090111,TR,2025-08-21,18009.07,6050.7,2.9764
MAHDIA IMPORT SARL,FR SUPPLIER 01,640399,FR,2025-08-23,173985.5,6766.0,25.7147
SFAX IMPORT SARL,IT SUPPLIER 03,090111,IT,2025-08-27,33606.92,10374.0,3.2395
SILIANA IMPORT SARL,DE SUPPLIER 03,090111,DE,2025-08-28,42788.9,12769.3,3.3509
COMPTOIR DU SUD SA,SHENZHEN BRIGHT TRADING CO. LTD,870322,CN,2025-09-01,72061.19,7197.4,10.0121
NABEUL IMPORT SARL,ES SUPPLIER 03,300490,ES,2025-09-01,356055.0,6407.0,55.5728
BEJA IMPORT SARL,IT SUPPLIER 01,300490,IT,2025-09-03,354835.17,6279.3,56.5087
DJERBA IMPORT SARL,EG SUPPLIER 03,300490,EG,2025-09-04,672602.75,10415.4,64.5777
GABES IMPORT SARL,DE SUPPLIER 01,940360,DE,2025-09-05,13016.88,3264.2,3.9878
SILIANA IMPORT SARL,DE SUPPLIER 03,090111,DE,2025-09-07,12859.84,3974.4,3.2357
SFAX IMPORT SARL,ES SUPPLIER 02,090111,ES,2025-09-10,29291.05,10038.5,2.9179
HAMMAMET IMPORT SARL,ES SUPPLIER 01,090111,ES,2025-09-10,39299.7,11985.8,3.2789
BEJA IMPORT SARL,IT SUPPLIER 01,392690,IT,2025-09-10,40295.3,11427.0,3.5263
BEJA IMPORT SARL,IT SUPPLIER 01,392690,IT,2025-09-11,39500.31,11412.1,3.4613
TOZEUR IMPORT SARL,TR SUPPLIER 01,940360,TR,2025-09-12,65912.77,18672.4,3.53
COMPTOIR DU SUD SA,ANADOLU IHRACAT A.S.,852872,TR,2025-09-15,280376.51,10986.4,25.5203
ZITOUNA IMPORT SARL,GLOBAL SOURCING FZE,392690,AE,2025-09-15,34233.47,16100.9,2.1262
JASMIN IMPORT SARL,IT SUPPLIER 01,851713,IT,2025-09-16,438621.08,3083.8,142.234
MAHDIA IMPORT SARL,FR SUPPLIER 01,640399,FR,2025-09-17,425931.89,16868.3,25.2504
SFAX IMPORT SARL,IT SUPPLIER 03,090111,IT,2025-09-18,32607.78,10822.7,3.0129
MEDITEX TRADING SARL,ANADOLU IHRACAT A.S.,610910,TR,2025-09-19,41054.15,2305.1,17.8101
MONASTIR IMPORT SARL,CN SUPPLIER 01,721049,CN,2025-09-25,1309.5,1116.0,1.1734
OASIS IMPORT SARL,ES SUPPLIER 02,300490,ES,2025-09-26,549084.75,9865.8,55.6554
TOZEUR IMPORT SARL,IN SUPPLIER 02,940360,IN,2025-09-28,10613.77,2653.8,3.9995
COMPTOIR DU SUD SA,IBERIA SUMINISTROS SL,870322,ES,2025-10-01,140293.09,15201.7,9.2288
ATLAS IMPORT SARL,DERIVE SUPPLIER 1,847130,CN,2025-10-08,787927.0,6907.2,114.0733
EL BAHIA NEGOCE SARL,ANADOLU IHRACAT A.S.,870322,TR,2025-10-12,168224.31,16342.6,10.2936
BIZERTE IMPORT SARL,GLOBAL SOURCING FZE,392690,AE,2025-10-12,24044.84,11421.8,2.1052
SFAX IMPORT SARL,IT SUPPLIER 03,090111,IT,2025-10-12,54514.35,16655.1,3.2731
TABARKA IMPORT SARL,EG SUPPLIER 02,640399,EG,2025-10-13,221132.95,9167.2,24.1222
KELIBIA IMPORT SARL,IT SUPPLIER 01,300490,IT,2025-10-14,1079027.89,18934.7,56.9868
KEF IMPORT SARL,IT SUPPLIER 02,151090,IT,2025-10-14,75609.29,19340.0,3.9095
CARTHAGE IMPORT SARL,DERIVE SUPPLIER 2,300490,CN,2025-10-16,270944.93,6492.8,41.7301
MONASTIR IMPORT SARL,CN SUPPLIER 01,851713,CN,2025-10-16,178937.07,1235.8,144.7945
SAHEL IMPORT SARL,DERIVE SUPPLIER 3,640399,CN,2025-10-17,367719.24,19286.3,19.0663
SOUSSE IMPORT SARL,FR SUPPLIER 03,300490,FR,2025-10-17,36108.58,643.5,56.1128
SOCIETE NOUR DISTRIBUTION,IBERIA SUMINISTROS SL,852872,ES,2025-10-18,347050.66,14401.9,24.0976
TABARKA IMPORT SARL,EG SUPPLIER 02,940360,EG,2025-10-20,46997.86,12328.0,3.8123
SOCIETE NOUR DISTRIBUTION,IBERIA SUMINISTROS SL,151090,ES,2025-10-21,46054.98,11695.5,3.9378
OASIS IMPORT SARL,ES SUPPLIER 02,300490,ES,2025-10-23,748621.57,12249.1,61.1165
SILIANA IMPORT SARL,DE SUPPLIER 03,090111,DE,2025-10-25,52167.63,16126.5,3.2349
MEDITEX TRADING SARL,ANADOLU IHRACAT A.S.,852872,TR,2025-10-26,32414.48,1396.4,23.2129
SOUSSE IMPORT SARL,FR SUPPLIER 01,300490,FR,2025-11-05,506665.45,7711.0,65.7068
COMPTOIR DU SUD SA,ANADOLU IHRACAT A.S.,610910,TR,2025-11-07,28573.4,1576.3,18.1269
SFAX IMPORT SARL,TR SUPPLIER 02,090111,TR,2025-11-08,68855.23,19578.4,3.5169
COMPTOIR DU SUD SA,SHENZHEN BRIGHT TRADING CO. LTD,151090,CN,2025-11-09,66011.82,14387.1,4.5883
MAHDIA IMPORT SARL,EG SUPPLIER 02,640399,EG,2025-11-09,432434.3,18071.9,23.9285
KEF IMPORT SARL,IT SUPPLIER 02,151090,IT,2025-11-10,33547.19,8753.4,3.8325
MEDINA IMPORT SARL,TR SUPPLIER 02,610910,TR,2025-11-11,115486.35,6279.2,18.3919
HAMMAMET IMPORT SARL,ES SUPPLIER 01,151090,ES,2025-11-11,37426.83,8693.2,4.3053
BEJA IMPORT SARL,FR SUPPLIER 03,392690,FR,2025-11-12,14089.35,4444.2,3.1703
MEDINA IMPORT SARL,GLOBAL SOURCING FZE,610910,AE,2025-11-13,206877.08,17953.7,11.5228
SFAX IMPORT SARL,ES SUPPLIER 02,090111,ES,2025-11-15,18613.7,5420.4,3.434
MONASTIR IMPORT SARL,CN SUPPLIER 01,851713,CN,2025-11-17,2424433.31,16227.0,149.4074
TABARKA IMPORT SARL,IN SUPPLIER 01,640399,IN,2025-11-19,28895.6,1166.7,24.7669
TABARKA IMPORT SARL,IN SUPPLIER 01,940360,IN,2025-11-20,30479.27,7469.0,4.0808
SOUSSE IMPORT SARL,FR SUPPLIER 01,300490,FR,2025-11-20,568788.27,9596.0,59.2735
COMPTOIR DU SUD SA,ANADOLU IHRACAT A.S.,151090,TR,2025-11-21,51782.34,13637.0,3.7972
GAFSA IMPORT SARL,FR SUPPLIER 02,940360,FR,2025-11-24,65460.57,19039.9,3.4381
MONASTIR IMPORT SARL,FR SUPPLIER 03,721049,FR,2025-11-25,12479.73,12122.6,1.0295
OASIS IMPORT SARL,ES SUPPLIER 02,300490,ES,2025-11-27,1075453.98,16455.1,65.3569
SFAX IMPORT SARL,ES SUPPLIER 02,090111,ES,2025-11-27,40803.9,12662.9,3.2223
NABEUL IMPORT SARL,ES SUPPLIER 03,300490,ES,2025-12-01,618035.59,11271.0,54.8341
CARTHAGE IMPORT SARL,DERIVE SUPPLIER 2,300490,CN,2025-12-02,764796.23,17688.6,43.2367
KELIBIA IMPORT SARL,IN SUPPLIER 02,300490,IN,2025-12-02,748933.94,12726.8,58.847
SAHEL IMPORT SARL,DERIVE SUPPLIER 3,640399,CN,2025-12-04,173109.99,10506.7,16.4762
GAFSA IMPORT SARL,IT SUPPLIER 01,852872,IT,2025-12-04,130013.38,5643.6,23.0373
ATLAS IMPORT SARL,DERIVE SUPPLIER 1,847130,CN,2025-12-09,1604607.98,12798.1,125.3786
JASMIN IMPORT SARL,IT SUPPLIER 01,851713,IT,2025-12-11,2118486.86,14029.7,151.0002
EL BAHIA NEGOCE SARL,ANADOLU IHRACAT A.S.,151090,TR,2025-12-14,50220.6,11418.1,4.3983
TOZEUR IMPORT SARL,TR SUPPLIER 01,940360,TR,2025-12-14,56930.04,14124.6,4.0306
COMPTOIR DU SUD SA,NILE DELTA EXPORT,610910,EG,2025-12-16,350291.59,18762.8,18.6695
GAFSA IMPORT SARL,FR SUPPLIER 02,940360,FR,2025-12-16,42692.63,12320.8,3.4651
ZITOUNA IMPORT SARL,FR SUPPLIER 01,392690,FR,2025-12-17,2574.02,720.7,3.5716
DJERBA IMPORT SARL,IT SUPPLIER 01,847130,IT,2025-12-17,2989715.06,16531.0,180.8551
KELIBIA IMPORT SARL,IT SUPPLIER 01,300490,IT,2025-12-18,338057.7,6180.5,54.6975
MONASTIR IMPORT SARL,FR SUPPLIER 03,721049,FR,2025-12-20,18542.26,15520.1,1.1947
EL BAHIA NEGOCE SARL,NILE DELTA EXPORT,851713,EG,2025-12-21,1924172.27,12670.4,151.8636
OASIS IMPORT SARL,ES SUPPLIER 02,300490,ES,2025-12-22,712048.15,11291.8,63.0589
DJERBA IMPORT SARL,IT SUPPLIER 01,300490,IT,2025-12-23,975464.27,17075.3,57.1272
