code_sh,pays,annee,mois,valeur,poids,prix_kg,poids_estime,classification
610910,TR,2021,01,382125.0,136233.0,2.8049,False,H5
610910,TR,2021,02,1172588.0,230856.0,5.0793,False,H5
610910,TR,2021,03,2278379.0,479458.0,4.752,False,H5
610910,TR,2021,04,1700842.0,343874.0,4.9461,False,H5
610910,TR,2021,05,1084708.0,240228.0,4.5153,False,H5
610910,TR,2021,06,733265.0,173783.0,4.2194,False,H5
610910,TR,2021,07,295358.0,72859.0,4.0538,False,H5
610910,TR,2021,08,424654.0,142116.0,2.9881,False,H5
610910,TR,2021,09,251922.0,49318.0,5.1081,False,H5
610910,TR,2021,10,137326.0,29707.0,4.6227,False,H5
610910,TR,2021,11,59164.0,19828.0,2.9839,False,H5
610910,TR,2021,12,33742.0,2249.0,15.0031,False,H5
610910,TR,2022,01,114130.0,7323.0,15.5851,False,H6
610910,TR,2022,02,216925.0,12898.0,16.8185,False,H6
610910,TR,2022,03,635317.0,36466.0,17.4222,False,H6
610910,TR,2022,04,233215.0,11152.0,20.9124,False,H6
610910,TR,2022,05,64295.0,4549.0,14.1339,False,H6
610910,TR,2022,06,343633.0,17594.0,19.5313,False,H6
610910,TR,2022,07,41275.0,1651.0,25.0,False,H6
610910,TR,2022,08,55420.0,2738.0,20.2411,False,H6
610910,TR,2022,09,47413.0,3283.0,14.442,False,H6
610910,TR,2022,10,35190.0,3738.0,9.4141,False,H6
610910,TR,2022,11,5209.0,157.0,33.1783,False,H6
610910,TR,2022,12,6628.0,334.0,19.8443,False,H6
610910,TR,2023,01,181625.0,6205.0,29.2707,False,H6
610910,TR,2023,02,70643.0,3385.0,20.8694,False,H6
610910,TR,2023,03,440722.0,20075.0,21.9538,False,H6
610910,TR,2023,04,166212.0,7819.0,21.2574,False,H6
610910,TR,2023,05,132216.0,7255.0,18.2241,False,H6
610910,TR,2023,06,71841.0,3294.0,21.8097,False,H6
610910,TR,2023,07,46312.0,2433.0,19.0349,False,H6
610910,TR,2023,08,66532.0,2476.0,26.8708,False,H6
610910,TR,2023,09,43136.0,2741.0,15.7373,False,H6
610910,TR,2023,10,53250.0,5160.0,10.3198,False,H6
610910,TR,2023,11,63051.0,2794.0,22.5666,False,H6
610910,TR,2023,12,18045.0,1172.0,15.3968,False,H6
851713,CN,2022,01,7592455.0,22137.0,342.9758,False,H6
851713,CN,2022,02,1885070.0,5106.0,369.1872,False,H6
851713,CN,2022,03,4743495.0,16617.0,285.4604,False,H6
851713,CN,2022,04,4605433.0,9978.0,461.5587,False,H6
851713,CN,2022,05,2471568.0,10191.0,242.5246,False,H6
851713,CN,2022,06,2745000.0,11791.0,232.8047,False,H6
851713,CN,2022,07,2098093.0,8021.0,261.575,False,H6
851713,CN,2022,08,3619167.0,12874.0,281.1222,False,H6
851713,CN,2022,09,4410081.0,17263.0,255.4643,False,H6
851713,CN,2022,10,2482866.0,9112.0,272.4831,False,H6
851713,CN,2022,11,2104503.0,7157.0,294.0482,False,H6
851713,CN,2022,12,2735156.0,12845.0,212.9355,False,H6
851713,CN,2023,01,4513487.0,15514.0,290.9299,False,H6
851713,CN,2023,02,3761271.0,12507.0,300.7333,False,H6
851713,CN,2023,03,4267227.0,14886.0,286.6604,False,H6
851713,CN,2023,04,5759955.0,22085.0,260.8085,False,H6
851713,CN,2023,05,2001577.0,6295.0,317.963,False,H6
851713,CN,2023,06,1641966.0,6395.0,256.7578,False,H6
851713,CN,2023,07,1507097.0,5398.0,279.1954,False,H6
851713,CN,2023,08,1147000.0,3483.0,329.3138,False,H6
851713,CN,2023,09,4577458.0,17088.0,267.8756,False,H6
851713,CN,2023,10,1725613.0,6229.0,277.0289,False,H6
851713,CN,2023,11,6348395.0,23838.0,266.3141,False,H6
851713,CN,2023,12,1518236.0,7211.0,210.5444,False,H6
852872,CN,2021,01,5103183.0,200832.0,25.4102,False,H5
852872,CN,2021,02,6270458.0,260955.0,24.0289,False,H5
852872,CN,2021,03,2211684.0,75323.0,29.3627,False,H5
852872,CN,2021,04,1276770.0,42384.0,30.1239,False,H5
852872,CN,2021,06,1045377.0,44712.0,23.3802,False,H5
852872,CN,2021,07,4243715.0,148841.0,28.5117,False,H5
852872,CN,2021,08,256631.0,10075.0,25.4721,False,H5
852872,CN,2021,09,596782.0,19321.0,30.8877,False,H5
852872,CN,2021,10,713370.0,23264.0,30.6641,False,H5
852872,CN,2021,11,1569909.0,77052.0,20.3747,False,H5
852872,CN,2021,12,3143989.0,157327.0,19.9838,False,H5
852872,CN,2022,01,1515873.0,61746.0,24.5501,False,H6
852872,CN,2022,02,1451751.0,69966.0,20.7494,False,H6
852872,CN,2022,03,1787778.0,95474.0,18.7253,False,H6
852872,CN,2022,04,2181284.0,111620.0,19.5421,False,H6
852872,CN,2022,05,5084228.0,253920.0,20.023,False,H6
852872,CN,2022,06,1285426.0,78447.0,16.3859,False,H6
852872,CN,2022,07,1588467.0,116765.0,13.604,False,H6
852872,CN,2022,08,4130385.0,264580.0,15.6111,False,H6
852872,CN,2022,09,11380.0,690.0,16.4928,False,H6
852872,CN,2022,10,780766.0,59132.0,13.2038,False,H6
852872,CN,2022,11,810832.0,36351.0,22.3056,False,H6
852872,CN,2022,12,1897942.0,111990.0,16.9474,False,H6
852872,CN,2023,01,2728380.0,177185.0,15.3985,False,H6
852872,CN,2023,02,171106.0,8925.0,19.1715,False,H6
852872,CN,2023,03,466321.0,23683.0,19.6901,False,H6
852872,CN,2023,04,707182.0,37077.0,19.0733,False,H6
852872,CN,2023,05,1002313.0,57104.0,17.5524,False,H6
852872,CN,2023,06,1040149.0,59584.0,17.4569,False,H6
852872,CN,2023,07,843036.0,48372.0,17.4282,False,H6
852872,CN,2023,08,198527.0,10431.0,19.0324,False,H6
852872,CN,2023,09,1458020.0,72234.0,20.1847,False,H6
852872,CN,2023,10,916231.0,51883.0,17.6596,False,H6
852872,CN,2023,11,1661391.0,94654.0,17.5523,False,H6
852872,CN,2023,12,1453959.0,59588.0,24.4002,False,H6
870322,ES,2021,01,634186.822,70560.0,8.9879,False,H5
870322,ES,2021,02,162817.712,15028.0,10.8343,False,H5
870322,ES,2021,03,787621.614,82797.0,9.5127,False,H5
870322,ES,2021,04,1374926.263,141948.0,9.6861,False,H5
870322,ES,2021,05,344763.788,31900.0,10.8076,False,H5
870322,ES,2021,06,1738044.538,172956.0,10.0491,False,H5
870322,ES,2021,07,1507226.393,129175.0,11.6681,False,H5
870322,ES,2021,08,515764.577,43287.0,11.915,False,H5
870322,ES,2021,09,399444.277,39251.0,10.1767,False,H5
870322,ES,2021,10,327479.448,37437.0,8.7475,False,H5
870322,ES,2021,11,718164.728,71580.0,10.033,False,H5
870322,ES,2021,12,373812.982,35646.0,10.4868,False,H5
870322,ES,2022,01,95775.196,11283.0,8.4885,False,H6
870322,ES,2022,02,1240807.841,128766.0,9.6361,False,H6
870322,ES,2022,03,530124.179,53455.0,9.9172,False,H6
870322,ES,2022,04,559925.465,55271.0,10.1305,False,H6
870322,ES,2022,05,2217225.387,230277.0,9.6285,False,H6
870322,ES,2022,06,902342.895,85859.0,10.5096,False,H6
870322,ES,2022,07,528639.237,57216.0,9.2394,False,H6
870322,ES,2022,08,369590.188,44819.0,8.2463,False,H6
870322,ES,2022,09,1309924.526,150455.0,8.7064,False,H6
870322,ES,2022,10,1861317.262,190095.0,9.7915,False,H6
870322,ES,2022,11,521294.543,60766.0,8.5787,False,H6
870322,ES,2022,12,432206.021,56350.0,7.67,False,H6
870322,ES,2023,01,1193028.578,126938.0,9.3985,False,H6
870322,ES,2023,02,890383.578,86942.0,10.2411,False,H6
870322,ES,2023,04,588002.74,54650.0,10.7594,False,H6
