code_sh,pays,mois,indice,nb_observations,amplitude
852872,CN,1,1.2468,35,1.409
852872,CN,2,1.0538,35,1.409
852872,CN,3,1.0,35,1.409
852872,CN,4,0.9925,35,1.409
852872,CN,5,0.9542,35,1.409
852872,CN,6,0.8866,35,1.409
852872,CN,7,0.8851,35,1.409
852872,CN,8,0.9666,35,1.409
852872,CN,9,1.0251,35,1.409
852872,CN,10,0.8969,35,1.409
852872,CN,11,1.0348,35,1.409
852872,CN,12,1.0149,35,1.409
870322,ES,1,0.9179,27,1.163
870322,ES,2,1.0459,27,1.163
870322,ES,3,0.9922,27,1.163
870322,ES,4,1.0346,27,1.163
870322,ES,5,1.0436,27,1.163
870322,ES,6,1.0498,27,1.163
870322,ES,7,1.0676,27,1.163
870322,ES,8,1.0295,27,1.163
870322,ES,9,0.9643,27,1.163
870322,ES,10,0.9467,27,1.163
870322,ES,11,0.9504,27,1.163
870322,ES,12,0.9272,27,1.163
